<?xml version="1.0" encoding="UTF-8" standalone="no"?>
<licenseSummary>
  <dependencies>
    <dependency>
      <groupId>com.google.code.findbugs</groupId>
      <artifactId>annotations</artifactId>
      <version>2.0.3</version>
      <licenses>
        <license>
          <name>GNU Lesser General Public License, Version 3</name>
          <url>http://repository.jboss.org/licenses/lgpl-3.0.txt</url>
          <distribution>repo</distribution>
        </license>
      </licenses>
    </dependency>
    <dependency>
      <groupId>com.google.guava</groupId>
      <artifactId>guava</artifactId>
      <version>20.0.0.redhat-1</version>
      <licenses>
        <license>
          <name>Apache Software License, Version 2.0</name>
          <url>http://repository.jboss.org/licenses/apache-2.0.txt</url>
          <distribution>repo</distribution>
        </license>
      </licenses>
    </dependency>
    <dependency>
      <groupId>commons-beanutils</groupId>
      <artifactId>commons-beanutils</artifactId>
      <version>1.9.3.redhat-1</version>
      <licenses>
        <license>
          <name>Apache Software License, Version 2.0</name>
          <url>http://repository.jboss.org/licenses/apache-2.0.txt</url>
          <distribution>repo</distribution>
        </license>
      </licenses>
    </dependency>
    <dependency>
      <groupId>commons-codec</groupId>
      <artifactId>commons-codec</artifactId>
      <version>1.9</version>
      <licenses>
        <license>
          <name>Apache Software License, Version 2.0</name>
          <url>http://repository.jboss.org/licenses/apache-2.0.txt</url>
          <distribution>repo</distribution>
        </license>
      </licenses>
    </dependency>
    <dependency>
      <groupId>commons-collections</groupId>
      <artifactId>commons-collections</artifactId>
      <version>3.2.2.redhat-2</version>
      <licenses>
        <license>
          <name>Apache Software License, Version 2.0</name>
          <url>http://repository.jboss.org/licenses/apache-2.0.txt</url>
          <distribution>repo</distribution>
        </license>
      </licenses>
    </dependency>
    <dependency>
      <groupId>commons-io</groupId>
      <artifactId>commons-io</artifactId>
      <version>2.5</version>
      <licenses>
        <license>
          <name>Apache Software License, Version 2.0</name>
          <url>http://repository.jboss.org/licenses/apache-2.0.txt</url>
          <distribution>repo</distribution>
        </license>
      </licenses>
    </dependency>
    <dependency>
      <groupId>commons-logging</groupId>
      <artifactId>commons-logging</artifactId>
      <version>1.2.0.redhat-3</version>
      <licenses>
        <license>
          <name>Apache Software License, Version 2.0</name>
          <url>http://repository.jboss.org/licenses/apache-2.0.txt</url>
          <distribution>repo</distribution>
        </license>
      </licenses>
    </dependency>
    <dependency>
      <groupId>io.airlift</groupId>
      <artifactId>airline</artifactId>
      <version>0.7.0.redhat-2</version>
      <licenses>
        <license>
          <name>Apache Software License, Version 2.0</name>
          <url>http://repository.jboss.org/licenses/apache-2.0.txt</url>
          <distribution>repo</distribution>
        </license>
      </licenses>
    </dependency>
    <dependency>
      <groupId>io.hawt</groupId>
      <artifactId>hawtio-plugin-mbean</artifactId>
      <version>1.4.0.redhat-630329</version>
      <licenses>
        <license>
          <name>Apache Software License, Version 2.0</name>
          <url>http://repository.jboss.org/licenses/apache-2.0.txt</url>
          <distribution>repo</distribution>
        </license>
      </licenses>
    </dependency>
    <dependency>
      <groupId>io.hawt</groupId>
      <artifactId>hawtio-redhat-amq-branding</artifactId>
      <version>1.4.0.redhat-630329</version>
      <licenses>
        <license>
          <name>Apache Software License, Version 2.0</name>
          <url>http://repository.jboss.org/licenses/apache-2.0.txt</url>
          <distribution>repo</distribution>
        </license>
      </licenses>
    </dependency>
    <dependency>
      <groupId>io.hawt</groupId>
      <artifactId>hawtio-redhat-fuse-branding</artifactId>
      <version>1.4.0.redhat-630329</version>
      <licenses>
        <license>
          <name>Apache Software License, Version 2.0</name>
          <url>http://repository.jboss.org/licenses/apache-2.0.txt</url>
          <distribution>repo</distribution>
        </license>
      </licenses>
    </dependency>
    <dependency>
      <groupId>io.hawt</groupId>
      <artifactId>hawtio-web</artifactId>
      <version>1.4.0.redhat-630329</version>
      <licenses>
        <license>
          <name>Apache Software License, Version 2.0</name>
          <url>http://repository.jboss.org/licenses/apache-2.0.txt</url>
          <distribution>repo</distribution>
        </license>
      </licenses>
    </dependency>
    <dependency>
      <groupId>io.netty</groupId>
      <artifactId>netty-all</artifactId>
      <version>4.1.16.Final-redhat-2</version>
      <licenses>
        <license>
          <name>Apache Software License, Version 2.0</name>
          <url>http://repository.jboss.org/licenses/apache-2.0.txt</url>
        </license>
      </licenses>
    </dependency>
    <dependency>
      <groupId>io.netty</groupId>
      <artifactId>netty-buffer</artifactId>
      <version>4.1.16.Final-redhat-2</version>
      <licenses>
        <license>
          <name>Apache Software License, Version 2.0</name>
          <url>http://repository.jboss.org/licenses/apache-2.0.txt</url>
        </license>
      </licenses>
    </dependency>
    <dependency>
      <groupId>io.netty</groupId>
      <artifactId>netty-codec</artifactId>
      <version>4.1.16.Final-redhat-2</version>
      <licenses>
        <license>
          <name>Apache Software License, Version 2.0</name>
          <url>http://repository.jboss.org/licenses/apache-2.0.txt</url>
        </license>
      </licenses>
    </dependency>
    <dependency>
      <groupId>io.netty</groupId>
      <artifactId>netty-codec-http</artifactId>
      <version>4.1.16.Final-redhat-2</version>
      <licenses>
        <license>
          <name>Apache Software License, Version 2.0</name>
          <url>http://repository.jboss.org/licenses/apache-2.0.txt</url>
        </license>
      </licenses>
    </dependency>
    <dependency>
      <groupId>io.netty</groupId>
      <artifactId>netty-common</artifactId>
      <version>4.1.16.Final-redhat-2</version>
      <licenses>
        <license>
          <name>Apache Software License, Version 2.0</name>
          <url>http://repository.jboss.org/licenses/apache-2.0.txt</url>
        </license>
      </licenses>
    </dependency>
    <dependency>
      <groupId>io.netty</groupId>
      <artifactId>netty-handler</artifactId>
      <version>4.1.16.Final-redhat-2</version>
      <licenses>
        <license>
          <name>Apache Software License, Version 2.0</name>
          <url>http://repository.jboss.org/licenses/apache-2.0.txt</url>
        </license>
      </licenses>
    </dependency>
    <dependency>
      <groupId>io.netty</groupId>
      <artifactId>netty-resolver</artifactId>
      <version>4.1.16.Final-redhat-2</version>
      <licenses>
        <license>
          <name>Apache Software License, Version 2.0</name>
          <url>http://repository.jboss.org/licenses/apache-2.0.txt</url>
        </license>
      </licenses>
    </dependency>
    <dependency>
      <groupId>io.netty</groupId>
      <artifactId>netty-transport</artifactId>
      <version>4.1.16.Final-redhat-2</version>
      <licenses>
        <license>
          <name>Apache Software License, Version 2.0</name>
          <url>http://repository.jboss.org/licenses/apache-2.0.txt</url>
        </license>
      </licenses>
    </dependency>
    <dependency>
      <groupId>io.netty</groupId>
      <artifactId>netty-transport-native-epoll</artifactId>
      <version>4.1.16.Final-redhat-2</version>
      <licenses>
        <license>
          <name>Apache Software License, Version 2.0</name>
          <url>http://repository.jboss.org/licenses/apache-2.0.txt</url>
        </license>
      </licenses>
    </dependency>
    <dependency>
      <groupId>io.netty</groupId>
      <artifactId>netty-transport-native-kqueue</artifactId>
      <version>4.1.16.Final-redhat-2</version>
      <licenses>
        <license>
          <name>Apache Software License, Version 2.0</name>
          <url>http://repository.jboss.org/licenses/apache-2.0.txt</url>
        </license>
      </licenses>
    </dependency>
    <dependency>
      <groupId>io.netty</groupId>
      <artifactId>netty-transport-native-unix-common</artifactId>
      <version>4.1.16.Final-redhat-2</version>
      <licenses>
        <license>
          <name>Apache Software License, Version 2.0</name>
          <url>http://repository.jboss.org/licenses/apache-2.0.txt</url>
        </license>
      </licenses>
    </dependency>
    <dependency>
      <groupId>javax.activation</groupId>
      <artifactId>activation</artifactId>
      <version>1.1.1</version>
      <licenses>
        <license>
          <name>Common Development and Distribution License</name>
          <url>http://repository.jboss.org/licenses/cddl.txt</url>
          <distribution>repo</distribution>
          <comments>A business-friendly OSS license</comments>
        </license>
      </licenses>
    </dependency>
    <dependency>
      <groupId>javax.annotation</groupId>
      <artifactId>javax.annotation-api</artifactId>
      <version>1.2</version>
      <licenses>
        <license>
          <name>Common Development and Distribution License</name>
          <url>http://repository.jboss.org/licenses/cddl.txt</url>
          <distribution>repo</distribution>
          <comments>A business-friendly OSS license</comments>
        </license>
      </licenses>
    </dependency>
    <dependency>
      <groupId>javax.inject</groupId>
      <artifactId>javax.inject</artifactId>
      <version>1.0.0.redhat-6</version>
      <licenses>
        <license>
          <name>Apache Software License, Version 2.0</name>
          <url>http://repository.jboss.org/licenses/apache-2.0.txt</url>
          <distribution>repo</distribution>
        </license>
      </licenses>
    </dependency>
    <dependency>
      <groupId>javax.servlet</groupId>
      <artifactId>javax.servlet-api</artifactId>
      <version>3.1.0</version>
      <licenses>
        <license>
          <name>Common Development and Distribution License</name>
          <url>http://repository.jboss.org/licenses/cddl.txt</url>
          <distribution>repo</distribution>
          <comments>A business-friendly OSS license</comments>
        </license>
      </licenses>
    </dependency>
    <dependency>
      <groupId>javax.servlet</groupId>
      <artifactId>servlet-api</artifactId>
      <version>2.5</version>
      <licenses>
        <license>
          <name>Common Development and Distribution License</name>
          <url>http://repository.jboss.org/licenses/cddl.txt</url>
          <distribution>repo</distribution>
          <comments>A business-friendly OSS license</comments>
        </license>
      </licenses>
    </dependency>
    <dependency>
      <groupId>javax.transaction</groupId>
      <artifactId>javax.transaction-api</artifactId>
      <version>1.2</version>
      <licenses>
        <license>
          <name>Common Development and Distribution License</name>
          <url>http://repository.jboss.org/licenses/cddl.txt</url>
          <distribution>repo</distribution>
          <comments>A business-friendly OSS license</comments>
        </license>
      </licenses>
    </dependency>
    <dependency>
      <groupId>javax.websocket</groupId>
      <artifactId>javax.websocket-api</artifactId>
      <version>1.0</version>
      <licenses>
        <license>
          <name>Common Development and Distribution License version 1.1</name>
          <url>http://repository.jboss.org/licenses/cddl-v1.1.txt</url>
          <distribution>repo</distribution>
        </license>
      </licenses>
    </dependency>
    <dependency>
      <groupId>junit</groupId>
      <artifactId>junit</artifactId>
      <version>4.12</version>
      <licenses>
        <license>
          <name>Eclipse Public License, Version 1.0</name>
          <url>http://repository.jboss.org/licenses/epl-1.0.txt</url>
          <distribution>repo</distribution>
        </license>
      </licenses>
    </dependency>
    <dependency>
      <groupId>log4j</groupId>
      <artifactId>log4j</artifactId>
      <version>1.2.17.redhat-3</version>
      <licenses>
        <license>
          <name>Apache Software License, Version 2.0</name>
          <url>http://repository.jboss.org/licenses/apache-2.0.txt</url>
          <distribution>repo</distribution>
        </license>
      </licenses>
    </dependency>
    <dependency>
      <groupId>net.jcip</groupId>
      <artifactId>jcip-annotations</artifactId>
      <version>1.0</version>
      <licenses>
        <license>
          <name>Creative Commons Attribution 2.5</name>
          <url>http://repository.jboss.org/licenses/jcip-cc-by-2.5.txt</url>
          <distribution>repo</distribution>
        </license>
      </licenses>
    </dependency>
    <dependency>
      <groupId>org.apache.activemq</groupId>
      <artifactId>activemq-client</artifactId>
      <version>5.11.0.redhat-630329</version>
      <licenses>
        <license>
          <name>Apache Software License, Version 2.0</name>
          <url>http://repository.jboss.org/licenses/apache-2.0.txt</url>
          <distribution>repo</distribution>
        </license>
      </licenses>
    </dependency>
    <dependency>
      <groupId>org.apache.activemq</groupId>
      <artifactId>artemis-amqp-protocol</artifactId>
      <version>2.4.0.amq-710004-redhat-1</version>
      <licenses>
        <license>
          <name>Apache Software License, Version 2.0</name>
          <url>http://repository.jboss.org/licenses/apache-2.0.txt</url>
          <distribution>repo</distribution>
        </license>
      </licenses>
    </dependency>
    <dependency>
      <groupId>org.apache.activemq</groupId>
      <artifactId>artemis-boot</artifactId>
      <version>2.4.0.amq-710004-redhat-1</version>
      <licenses>
        <license>
          <name>Apache Software License, Version 2.0</name>
          <url>http://repository.jboss.org/licenses/apache-2.0.txt</url>
          <distribution>repo</distribution>
        </license>
      </licenses>
    </dependency>
    <dependency>
      <groupId>org.apache.activemq</groupId>
      <artifactId>artemis-cli</artifactId>
      <version>2.4.0.amq-710004-redhat-1</version>
      <licenses>
        <license>
          <name>Apache Software License, Version 2.0</name>
          <url>http://repository.jboss.org/licenses/apache-2.0.txt</url>
          <distribution>repo</distribution>
        </license>
      </licenses>
    </dependency>
    <dependency>
      <groupId>org.apache.activemq</groupId>
      <artifactId>artemis-commons</artifactId>
      <version>2.4.0.amq-710004-redhat-1</version>
      <licenses>
        <license>
          <name>Apache Software License, Version 2.0</name>
          <url>http://repository.jboss.org/licenses/apache-2.0.txt</url>
          <distribution>repo</distribution>
        </license>
      </licenses>
    </dependency>
    <dependency>
      <groupId>org.apache.activemq</groupId>
      <artifactId>artemis-console</artifactId>
      <version>2.4.0.amq-710004-redhat-1</version>
      <licenses>
        <license>
          <name>Apache Software License, Version 2.0</name>
          <url>http://repository.jboss.org/licenses/apache-2.0.txt</url>
          <distribution>repo</distribution>
        </license>
      </licenses>
    </dependency>
    <dependency>
      <groupId>org.apache.activemq</groupId>
      <artifactId>artemis-core-client</artifactId>
      <version>2.4.0.amq-710004-redhat-1</version>
      <licenses>
        <license>
          <name>Apache Software License, Version 2.0</name>
          <url>http://repository.jboss.org/licenses/apache-2.0.txt</url>
          <distribution>repo</distribution>
        </license>
      </licenses>
    </dependency>
    <dependency>
      <groupId>org.apache.activemq</groupId>
      <artifactId>artemis-dto</artifactId>
      <version>2.4.0.amq-710004-redhat-1</version>
      <licenses>
        <license>
          <name>Apache Software License, Version 2.0</name>
          <url>http://repository.jboss.org/licenses/apache-2.0.txt</url>
          <distribution>repo</distribution>
        </license>
      </licenses>
    </dependency>
    <dependency>
      <groupId>org.apache.activemq</groupId>
      <artifactId>artemis-hornetq-protocol</artifactId>
      <version>2.4.0.amq-710004-redhat-1</version>
      <licenses>
        <license>
          <name>Apache Software License, Version 2.0</name>
          <url>http://repository.jboss.org/licenses/apache-2.0.txt</url>
          <distribution>repo</distribution>
        </license>
      </licenses>
    </dependency>
    <dependency>
      <groupId>org.apache.activemq</groupId>
      <artifactId>artemis-hqclient-protocol</artifactId>
      <version>2.4.0.amq-710004-redhat-1</version>
      <licenses>
        <license>
          <name>Apache Software License, Version 2.0</name>
          <url>http://repository.jboss.org/licenses/apache-2.0.txt</url>
          <distribution>repo</distribution>
        </license>
      </licenses>
    </dependency>
    <dependency>
      <groupId>org.apache.activemq</groupId>
      <artifactId>artemis-jdbc-store</artifactId>
      <version>2.4.0.amq-710004-redhat-1</version>
      <licenses>
        <license>
          <name>Apache Software License, Version 2.0</name>
          <url>http://repository.jboss.org/licenses/apache-2.0.txt</url>
          <distribution>repo</distribution>
        </license>
      </licenses>
    </dependency>
    <dependency>
      <groupId>org.apache.activemq</groupId>
      <artifactId>artemis-jms-client</artifactId>
      <version>2.4.0.amq-710004-redhat-1</version>
      <licenses>
        <license>
          <name>Apache Software License, Version 2.0</name>
          <url>http://repository.jboss.org/licenses/apache-2.0.txt</url>
          <distribution>repo</distribution>
        </license>
      </licenses>
    </dependency>
    <dependency>
      <groupId>org.apache.activemq</groupId>
      <artifactId>artemis-jms-server</artifactId>
      <version>2.4.0.amq-710004-redhat-1</version>
      <licenses>
        <license>
          <name>Apache Software License, Version 2.0</name>
          <url>http://repository.jboss.org/licenses/apache-2.0.txt</url>
          <distribution>repo</distribution>
        </license>
      </licenses>
    </dependency>
    <dependency>
      <groupId>org.apache.activemq</groupId>
      <artifactId>artemis-journal</artifactId>
      <version>2.4.0.amq-710004-redhat-1</version>
      <licenses>
        <license>
          <name>Apache Software License, Version 2.0</name>
          <url>http://repository.jboss.org/licenses/apache-2.0.txt</url>
          <distribution>repo</distribution>
        </license>
      </licenses>
    </dependency>
    <dependency>
      <groupId>org.apache.activemq</groupId>
      <artifactId>artemis-mqtt-protocol</artifactId>
      <version>2.4.0.amq-710004-redhat-1</version>
      <licenses>
        <license>
          <name>Apache Software License, Version 2.0</name>
          <url>http://repository.jboss.org/licenses/apache-2.0.txt</url>
          <distribution>repo</distribution>
        </license>
      </licenses>
    </dependency>
    <dependency>
      <groupId>org.apache.activemq</groupId>
      <artifactId>artemis-native</artifactId>
      <version>2.4.0.amq-710004-redhat-1</version>
      <licenses>
        <license>
          <name>Apache Software License, Version 2.0</name>
          <url>http://repository.jboss.org/licenses/apache-2.0.txt</url>
          <distribution>repo</distribution>
        </license>
      </licenses>
    </dependency>
    <dependency>
      <groupId>org.apache.activemq</groupId>
      <artifactId>artemis-openwire-protocol</artifactId>
      <version>2.4.0.amq-710004-redhat-1</version>
      <licenses>
        <license>
          <name>Apache Software License, Version 2.0</name>
          <url>http://repository.jboss.org/licenses/apache-2.0.txt</url>
          <distribution>repo</distribution>
        </license>
      </licenses>
    </dependency>
    <dependency>
      <groupId>org.apache.activemq</groupId>
      <artifactId>artemis-plugin</artifactId>
      <version>2.4.0.amq-710004-redhat-1</version>
      <licenses>
        <license>
          <name>Apache Software License, Version 2.0</name>
          <url>http://repository.jboss.org/licenses/apache-2.0.txt</url>
          <distribution>repo</distribution>
        </license>
      </licenses>
    </dependency>
    <dependency>
      <groupId>org.apache.activemq</groupId>
      <artifactId>artemis-ra</artifactId>
      <version>2.4.0.amq-710004-redhat-1</version>
      <licenses>
        <license>
          <name>Apache Software License, Version 2.0</name>
          <url>http://repository.jboss.org/licenses/apache-2.0.txt</url>
          <distribution>repo</distribution>
        </license>
      </licenses>
    </dependency>
    <dependency>
      <groupId>org.apache.activemq</groupId>
      <artifactId>artemis-selector</artifactId>
      <version>2.4.0.amq-710004-redhat-1</version>
      <licenses>
        <license>
          <name>Apache Software License, Version 2.0</name>
          <url>http://repository.jboss.org/licenses/apache-2.0.txt</url>
          <distribution>repo</distribution>
        </license>
      </licenses>
    </dependency>
    <dependency>
      <groupId>org.apache.activemq</groupId>
      <artifactId>artemis-server</artifactId>
      <version>2.4.0.amq-710004-redhat-1</version>
      <licenses>
        <license>
          <name>Apache Software License, Version 2.0</name>
          <url>http://repository.jboss.org/licenses/apache-2.0.txt</url>
          <distribution>repo</distribution>
        </license>
      </licenses>
    </dependency>
    <dependency>
      <groupId>org.apache.activemq</groupId>
      <artifactId>artemis-service-extensions</artifactId>
      <version>2.4.0.amq-710004-redhat-1</version>
      <licenses>
        <license>
          <name>Apache Software License, Version 2.0</name>
          <url>http://repository.jboss.org/licenses/apache-2.0.txt</url>
          <distribution>repo</distribution>
        </license>
      </licenses>
    </dependency>
    <dependency>
      <groupId>org.apache.activemq</groupId>
      <artifactId>artemis-stomp-protocol</artifactId>
      <version>2.4.0.amq-710004-redhat-1</version>
      <licenses>
        <license>
          <name>Apache Software License, Version 2.0</name>
          <url>http://repository.jboss.org/licenses/apache-2.0.txt</url>
          <distribution>repo</distribution>
        </license>
      </licenses>
    </dependency>
    <dependency>
      <groupId>org.apache.activemq</groupId>
      <artifactId>artemis-tools</artifactId>
      <version>2.4.0.amq-710004-redhat-1</version>
      <licenses>
        <license>
          <name>Apache Software License, Version 2.0</name>
          <url>http://repository.jboss.org/licenses/apache-2.0.txt</url>
          <distribution>repo</distribution>
        </license>
      </licenses>
    </dependency>
    <dependency>
      <groupId>org.apache.activemq</groupId>
      <artifactId>artemis-web</artifactId>
      <version>2.4.0.amq-710004-redhat-1</version>
      <licenses>
        <license>
          <name>Apache Software License, Version 2.0</name>
          <url>http://repository.jboss.org/licenses/apache-2.0.txt</url>
          <distribution>repo</distribution>
        </license>
      </licenses>
    </dependency>
    <dependency>
      <groupId>org.apache.activemq.rest</groupId>
      <artifactId>artemis-rest</artifactId>
      <version>2.4.0.amq-710004-redhat-1</version>
      <licenses>
        <license>
          <name>Apache Software License, Version 2.0</name>
          <url>http://repository.jboss.org/licenses/apache-2.0.txt</url>
          <distribution>repo</distribution>
        </license>
      </licenses>
    </dependency>
    <dependency>
      <groupId>org.apache.commons</groupId>
      <artifactId>commons-configuration2</artifactId>
      <version>2.1.0.redhat-1</version>
      <licenses>
        <license>
          <name>Apache Software License, Version 2.0</name>
          <url>http://repository.jboss.org/licenses/apache-2.0.txt</url>
          <distribution>repo</distribution>
        </license>
      </licenses>
    </dependency>
    <dependency>
      <groupId>org.apache.commons</groupId>
      <artifactId>commons-lang3</artifactId>
      <version>3.0.0.redhat-1</version>
      <licenses>
        <license>
          <name>Apache Software License, Version 2.0</name>
          <url>http://repository.jboss.org/licenses/apache-2.0.txt</url>
          <distribution>repo</distribution>
        </license>
      </licenses>
    </dependency>
    <dependency>
      <groupId>org.apache.geronimo.specs</groupId>
      <artifactId>geronimo-annotation_1.1_spec</artifactId>
      <version>1.0.1.redhat-2</version>
      <licenses>
        <license>
          <name>Apache Software License, Version 2.0</name>
          <url>http://repository.jboss.org/licenses/apache-2.0.txt</url>
          <distribution>repo</distribution>
        </license>
      </licenses>
    </dependency>
    <dependency>
      <groupId>org.apache.geronimo.specs</groupId>
      <artifactId>geronimo-ejb_3.0_spec</artifactId>
      <version>1.0.1.redhat-3</version>
      <licenses>
        <license>
          <name>Apache Software License, Version 2.0</name>
          <url>http://repository.jboss.org/licenses/apache-2.0.txt</url>
          <distribution>repo</distribution>
        </license>
      </licenses>
    </dependency>
    <dependency>
      <groupId>org.apache.geronimo.specs</groupId>
      <artifactId>geronimo-j2ee-management_1.1_spec</artifactId>
      <version>1.0.1</version>
      <licenses>
        <license>
          <name>Apache Software License, Version 2.0</name>
          <url>http://repository.jboss.org/licenses/apache-2.0.txt</url>
          <distribution>repo</distribution>
        </license>
      </licenses>
    </dependency>
    <dependency>
      <groupId>org.apache.geronimo.specs</groupId>
      <artifactId>geronimo-jms_1.1_spec</artifactId>
      <version>1.1.1</version>
      <licenses>
        <license>
          <name>Apache Software License, Version 2.0</name>
          <url>http://repository.jboss.org/licenses/apache-2.0.txt</url>
          <distribution>repo</distribution>
        </license>
      </licenses>
    </dependency>
    <dependency>
      <groupId>org.apache.geronimo.specs</groupId>
      <artifactId>geronimo-jms_2.0_spec</artifactId>
      <version>1.0.0.alpha-2-redhat-2</version>
      <licenses>
        <license>
          <name>Apache Software License, Version 2.0</name>
          <url>http://repository.jboss.org/licenses/apache-2.0.txt</url>
          <distribution>repo</distribution>
        </license>
      </licenses>
    </dependency>
    <dependency>
      <groupId>org.apache.geronimo.specs</groupId>
      <artifactId>geronimo-json_1.0_spec</artifactId>
      <version>1.0.0.alpha-1-redhat-1</version>
      <licenses>
        <license>
          <name>Apache Software License, Version 2.0</name>
          <url>http://repository.jboss.org/licenses/apache-2.0.txt</url>
          <distribution>repo</distribution>
        </license>
      </licenses>
    </dependency>
    <dependency>
      <groupId>org.apache.geronimo.specs</groupId>
      <artifactId>geronimo-jta_1.1_spec</artifactId>
      <version>1.1.1.redhat-2</version>
      <licenses>
        <license>
          <name>Apache Software License, Version 2.0</name>
          <url>http://repository.jboss.org/licenses/apache-2.0.txt</url>
          <distribution>repo</distribution>
        </license>
      </licenses>
    </dependency>
    <dependency>
      <groupId>org.apache.httpcomponents</groupId>
      <artifactId>httpclient</artifactId>
      <version>4.5.2</version>
      <licenses>
        <license>
          <name>Apache Software License, Version 2.0</name>
          <url>http://repository.jboss.org/licenses/apache-2.0.txt</url>
          <distribution>repo</distribution>
        </license>
      </licenses>
    </dependency>
    <dependency>
      <groupId>org.apache.httpcomponents</groupId>
      <artifactId>httpcore</artifactId>
      <version>4.4.4</version>
      <licenses>
        <license>
          <name>Apache Software License, Version 2.0</name>
          <url>http://repository.jboss.org/licenses/apache-2.0.txt</url>
          <distribution>repo</distribution>
        </license>
      </licenses>
    </dependency>
    <dependency>
      <groupId>org.apache.johnzon</groupId>
      <artifactId>johnzon-core</artifactId>
      <version>0.9.5.redhat-1</version>
      <licenses>
        <license>
          <name>Apache Software License, Version 2.0</name>
          <url>http://repository.jboss.org/licenses/apache-2.0.txt</url>
          <distribution>repo</distribution>
        </license>
      </licenses>
    </dependency>
    <dependency>
      <groupId>org.apache.qpid</groupId>
      <artifactId>proton-j</artifactId>
      <version>0.22.0.redhat-1</version>
      <licenses>
        <license>
          <name>Apache Software License, Version 2.0</name>
          <url>http://repository.jboss.org/licenses/apache-2.0.txt</url>
          <distribution>repo</distribution>
        </license>
      </licenses>
    </dependency>
    <dependency>
      <groupId>org.codehaus.jackson</groupId>
      <artifactId>jackson-core-asl</artifactId>
      <version>1.9.13</version>
      <licenses>
        <license>
          <name>Apache Software License, Version 2.0</name>
          <url>http://repository.jboss.org/licenses/apache-2.0.txt</url>
          <distribution>repo</distribution>
        </license>
      </licenses>
    </dependency>
    <dependency>
      <groupId>org.codehaus.jackson</groupId>
      <artifactId>jackson-jaxrs</artifactId>
      <version>1.9.13</version>
      <licenses>
        <license>
          <name>Apache Software License, Version 2.0</name>
          <url>http://repository.jboss.org/licenses/apache-2.0.txt</url>
          <distribution>repo</distribution>
        </license>
        <license>
          <name>GNU Lesser General Public License, Version 3</name>
          <url>http://repository.jboss.org/licenses/lgpl-3.0.txt</url>
          <distribution>repo</distribution>
        </license>
      </licenses>
    </dependency>
    <dependency>
      <groupId>org.codehaus.jackson</groupId>
      <artifactId>jackson-mapper-asl</artifactId>
      <version>1.9.13</version>
      <licenses>
        <license>
          <name>Apache Software License, Version 2.0</name>
          <url>http://repository.jboss.org/licenses/apache-2.0.txt</url>
          <distribution>repo</distribution>
        </license>
      </licenses>
    </dependency>
    <dependency>
      <groupId>org.codehaus.jackson</groupId>
      <artifactId>jackson-xc</artifactId>
      <version>1.9.13</version>
      <licenses>
        <license>
          <name>Apache Software License, Version 2.0</name>
          <url>http://repository.jboss.org/licenses/apache-2.0.txt</url>
          <distribution>repo</distribution>
        </license>
        <license>
          <name>GNU Lesser General Public License, Version 3</name>
          <url>http://repository.jboss.org/licenses/lgpl-3.0.txt</url>
          <distribution>repo</distribution>
        </license>
      </licenses>
    </dependency>
    <dependency>
      <groupId>org.eclipse.jetty</groupId>
      <artifactId>jetty-alpn-client</artifactId>
      <version>9.4.3.v20170317-redhat-1</version>
      <licenses>
        <license>
          <name>Apache Software License, Version 2.0</name>
          <url>http://repository.jboss.org/licenses/apache-2.0.txt</url>
        </license>
        <license>
          <name>Eclipse Public License, Version 1.0</name>
          <url>http://repository.jboss.org/licenses/epl-1.0.txt</url>
        </license>
      </licenses>
    </dependency>
    <dependency>
      <groupId>org.eclipse.jetty</groupId>
      <artifactId>jetty-annotations</artifactId>
      <version>9.4.3.v20170317-redhat-1</version>
      <licenses>
        <license>
          <name>Apache Software License, Version 2.0</name>
          <url>http://repository.jboss.org/licenses/apache-2.0.txt</url>
        </license>
        <license>
          <name>Eclipse Public License, Version 1.0</name>
          <url>http://repository.jboss.org/licenses/epl-1.0.txt</url>
        </license>
      </licenses>
    </dependency>
    <dependency>
      <groupId>org.eclipse.jetty</groupId>
      <artifactId>jetty-client</artifactId>
      <version>9.4.3.v20170317-redhat-1</version>
      <licenses>
        <license>
          <name>Apache Software License, Version 2.0</name>
          <url>http://repository.jboss.org/licenses/apache-2.0.txt</url>
        </license>
        <license>
          <name>Eclipse Public License, Version 1.0</name>
          <url>http://repository.jboss.org/licenses/epl-1.0.txt</url>
        </license>
      </licenses>
    </dependency>
    <dependency>
      <groupId>org.eclipse.jetty</groupId>
      <artifactId>jetty-continuation</artifactId>
      <version>9.4.3.v20170317-redhat-1</version>
      <licenses>
        <license>
          <name>Apache Software License, Version 2.0</name>
          <url>http://repository.jboss.org/licenses/apache-2.0.txt</url>
        </license>
        <license>
          <name>Eclipse Public License, Version 1.0</name>
          <url>http://repository.jboss.org/licenses/epl-1.0.txt</url>
        </license>
      </licenses>
    </dependency>
    <dependency>
      <groupId>org.eclipse.jetty</groupId>
      <artifactId>jetty-deploy</artifactId>
      <version>9.4.3.v20170317-redhat-1</version>
      <licenses>
        <license>
          <name>Apache Software License, Version 2.0</name>
          <url>http://repository.jboss.org/licenses/apache-2.0.txt</url>
        </license>
        <license>
          <name>Eclipse Public License, Version 1.0</name>
          <url>http://repository.jboss.org/licenses/epl-1.0.txt</url>
        </license>
      </licenses>
    </dependency>
    <dependency>
      <groupId>org.eclipse.jetty</groupId>
      <artifactId>jetty-http</artifactId>
      <version>9.4.3.v20170317-redhat-1</version>
      <licenses>
        <license>
          <name>Apache Software License, Version 2.0</name>
          <url>http://repository.jboss.org/licenses/apache-2.0.txt</url>
        </license>
        <license>
          <name>Eclipse Public License, Version 1.0</name>
          <url>http://repository.jboss.org/licenses/epl-1.0.txt</url>
        </license>
      </licenses>
    </dependency>
    <dependency>
      <groupId>org.eclipse.jetty</groupId>
      <artifactId>jetty-io</artifactId>
      <version>9.4.3.v20170317-redhat-1</version>
      <licenses>
        <license>
          <name>Apache Software License, Version 2.0</name>
          <url>http://repository.jboss.org/licenses/apache-2.0.txt</url>
        </license>
        <license>
          <name>Eclipse Public License, Version 1.0</name>
          <url>http://repository.jboss.org/licenses/epl-1.0.txt</url>
        </license>
      </licenses>
    </dependency>
    <dependency>
      <groupId>org.eclipse.jetty</groupId>
      <artifactId>jetty-jaspi</artifactId>
      <version>9.4.3.v20170317-redhat-1</version>
      <licenses>
        <license>
          <name>Apache Software License, Version 2.0</name>
          <url>http://repository.jboss.org/licenses/apache-2.0.txt</url>
        </license>
        <license>
          <name>Eclipse Public License, Version 1.0</name>
          <url>http://repository.jboss.org/licenses/epl-1.0.txt</url>
        </license>
      </licenses>
    </dependency>
    <dependency>
      <groupId>org.eclipse.jetty</groupId>
      <artifactId>jetty-jmx</artifactId>
      <version>9.4.3.v20170317-redhat-1</version>
      <licenses>
        <license>
          <name>Apache Software License, Version 2.0</name>
          <url>http://repository.jboss.org/licenses/apache-2.0.txt</url>
        </license>
        <license>
          <name>Eclipse Public License, Version 1.0</name>
          <url>http://repository.jboss.org/licenses/epl-1.0.txt</url>
        </license>
      </licenses>
    </dependency>
    <dependency>
      <groupId>org.eclipse.jetty</groupId>
      <artifactId>jetty-jndi</artifactId>
      <version>9.4.3.v20170317-redhat-1</version>
      <licenses>
        <license>
          <name>Apache Software License, Version 2.0</name>
          <url>http://repository.jboss.org/licenses/apache-2.0.txt</url>
        </license>
        <license>
          <name>Eclipse Public License, Version 1.0</name>
          <url>http://repository.jboss.org/licenses/epl-1.0.txt</url>
        </license>
      </licenses>
    </dependency>
    <dependency>
      <groupId>org.eclipse.jetty</groupId>
      <artifactId>jetty-plus</artifactId>
      <version>9.4.3.v20170317-redhat-1</version>
      <licenses>
        <license>
          <name>Apache Software License, Version 2.0</name>
          <url>http://repository.jboss.org/licenses/apache-2.0.txt</url>
        </license>
        <license>
          <name>Eclipse Public License, Version 1.0</name>
          <url>http://repository.jboss.org/licenses/epl-1.0.txt</url>
        </license>
      </licenses>
    </dependency>
    <dependency>
      <groupId>org.eclipse.jetty</groupId>
      <artifactId>jetty-quickstart</artifactId>
      <version>9.4.3.v20170317-redhat-1</version>
      <licenses>
        <license>
          <name>Apache Software License, Version 2.0</name>
          <url>http://repository.jboss.org/licenses/apache-2.0.txt</url>
        </license>
        <license>
          <name>Eclipse Public License, Version 1.0</name>
          <url>http://repository.jboss.org/licenses/epl-1.0.txt</url>
        </license>
      </licenses>
    </dependency>
    <dependency>
      <groupId>org.eclipse.jetty</groupId>
      <artifactId>jetty-rewrite</artifactId>
      <version>9.4.3.v20170317-redhat-1</version>
      <licenses>
        <license>
          <name>Apache Software License, Version 2.0</name>
          <url>http://repository.jboss.org/licenses/apache-2.0.txt</url>
        </license>
        <license>
          <name>Eclipse Public License, Version 1.0</name>
          <url>http://repository.jboss.org/licenses/epl-1.0.txt</url>
        </license>
      </licenses>
    </dependency>
    <dependency>
      <groupId>org.eclipse.jetty</groupId>
      <artifactId>jetty-security</artifactId>
      <version>9.4.3.v20170317-redhat-1</version>
      <licenses>
        <license>
          <name>Apache Software License, Version 2.0</name>
          <url>http://repository.jboss.org/licenses/apache-2.0.txt</url>
        </license>
        <license>
          <name>Eclipse Public License, Version 1.0</name>
          <url>http://repository.jboss.org/licenses/epl-1.0.txt</url>
        </license>
      </licenses>
    </dependency>
    <dependency>
      <groupId>org.eclipse.jetty</groupId>
      <artifactId>jetty-server</artifactId>
      <version>9.4.3.v20170317-redhat-1</version>
      <licenses>
        <license>
          <name>Apache Software License, Version 2.0</name>
          <url>http://repository.jboss.org/licenses/apache-2.0.txt</url>
        </license>
        <license>
          <name>Eclipse Public License, Version 1.0</name>
          <url>http://repository.jboss.org/licenses/epl-1.0.txt</url>
        </license>
      </licenses>
    </dependency>
    <dependency>
      <groupId>org.eclipse.jetty</groupId>
      <artifactId>jetty-servlet</artifactId>
      <version>9.4.3.v20170317-redhat-1</version>
      <licenses>
        <license>
          <name>Apache Software License, Version 2.0</name>
          <url>http://repository.jboss.org/licenses/apache-2.0.txt</url>
        </license>
        <license>
          <name>Eclipse Public License, Version 1.0</name>
          <url>http://repository.jboss.org/licenses/epl-1.0.txt</url>
        </license>
      </licenses>
    </dependency>
    <dependency>
      <groupId>org.eclipse.jetty</groupId>
      <artifactId>jetty-servlets</artifactId>
      <version>9.4.3.v20170317-redhat-1</version>
      <licenses>
        <license>
          <name>Apache Software License, Version 2.0</name>
          <url>http://repository.jboss.org/licenses/apache-2.0.txt</url>
        </license>
        <license>
          <name>Eclipse Public License, Version 1.0</name>
          <url>http://repository.jboss.org/licenses/epl-1.0.txt</url>
        </license>
      </licenses>
    </dependency>
    <dependency>
      <groupId>org.eclipse.jetty</groupId>
      <artifactId>jetty-util</artifactId>
      <version>9.4.3.v20170317-redhat-1</version>
      <licenses>
        <license>
          <name>Apache Software License, Version 2.0</name>
          <url>http://repository.jboss.org/licenses/apache-2.0.txt</url>
        </license>
        <license>
          <name>Eclipse Public License, Version 1.0</name>
          <url>http://repository.jboss.org/licenses/epl-1.0.txt</url>
        </license>
      </licenses>
    </dependency>
    <dependency>
      <groupId>org.eclipse.jetty</groupId>
      <artifactId>jetty-webapp</artifactId>
      <version>9.4.3.v20170317-redhat-1</version>
      <licenses>
        <license>
          <name>Apache Software License, Version 2.0</name>
          <url>http://repository.jboss.org/licenses/apache-2.0.txt</url>
        </license>
        <license>
          <name>Eclipse Public License, Version 1.0</name>
          <url>http://repository.jboss.org/licenses/epl-1.0.txt</url>
        </license>
      </licenses>
    </dependency>
    <dependency>
      <groupId>org.eclipse.jetty</groupId>
      <artifactId>jetty-xml</artifactId>
      <version>9.4.3.v20170317-redhat-1</version>
      <licenses>
        <license>
          <name>Apache Software License, Version 2.0</name>
          <url>http://repository.jboss.org/licenses/apache-2.0.txt</url>
        </license>
        <license>
          <name>Eclipse Public License, Version 1.0</name>
          <url>http://repository.jboss.org/licenses/epl-1.0.txt</url>
        </license>
      </licenses>
    </dependency>
    <dependency>
      <groupId>org.eclipse.jetty.aggregate</groupId>
      <artifactId>jetty-all</artifactId>
      <version>9.4.3.v20170317-redhat-1</version>
      <licenses>
        <license>
          <name>Apache Software License, Version 2.0</name>
          <url>http://repository.jboss.org/licenses/apache-2.0.txt</url>
        </license>
        <license>
          <name>Eclipse Public License, Version 1.0</name>
          <url>http://repository.jboss.org/licenses/epl-1.0.txt</url>
        </license>
      </licenses>
    </dependency>
    <dependency>
      <groupId>org.eclipse.jetty.http2</groupId>
      <artifactId>http2-client</artifactId>
      <version>9.4.3.v20170317-redhat-1</version>
      <licenses>
        <license>
          <name>Apache Software License, Version 2.0</name>
          <url>http://repository.jboss.org/licenses/apache-2.0.txt</url>
        </license>
        <license>
          <name>Eclipse Public License, Version 1.0</name>
          <url>http://repository.jboss.org/licenses/epl-1.0.txt</url>
        </license>
      </licenses>
    </dependency>
    <dependency>
      <groupId>org.eclipse.jetty.http2</groupId>
      <artifactId>http2-common</artifactId>
      <version>9.4.3.v20170317-redhat-1</version>
      <licenses>
        <license>
          <name>Apache Software License, Version 2.0</name>
          <url>http://repository.jboss.org/licenses/apache-2.0.txt</url>
        </license>
        <license>
          <name>Eclipse Public License, Version 1.0</name>
          <url>http://repository.jboss.org/licenses/epl-1.0.txt</url>
        </license>
      </licenses>
    </dependency>
    <dependency>
      <groupId>org.eclipse.jetty.http2</groupId>
      <artifactId>http2-hpack</artifactId>
      <version>9.4.3.v20170317-redhat-1</version>
      <licenses>
        <license>
          <name>Apache Software License, Version 2.0</name>
          <url>http://repository.jboss.org/licenses/apache-2.0.txt</url>
        </license>
        <license>
          <name>Eclipse Public License, Version 1.0</name>
          <url>http://repository.jboss.org/licenses/epl-1.0.txt</url>
        </license>
      </licenses>
    </dependency>
    <dependency>
      <groupId>org.eclipse.jetty.http2</groupId>
      <artifactId>http2-server</artifactId>
      <version>9.4.3.v20170317-redhat-1</version>
      <licenses>
        <license>
          <name>Apache Software License, Version 2.0</name>
          <url>http://repository.jboss.org/licenses/apache-2.0.txt</url>
        </license>
        <license>
          <name>Eclipse Public License, Version 1.0</name>
          <url>http://repository.jboss.org/licenses/epl-1.0.txt</url>
        </license>
      </licenses>
    </dependency>
    <dependency>
      <groupId>org.eclipse.jetty.orbit</groupId>
      <artifactId>javax.activation</artifactId>
      <version>1.1.0.v201105071233</version>
      <licenses>
        <license>
          <name>Apache Software License, Version 2.0</name>
          <url>http://repository.jboss.org/licenses/apache-2.0.txt</url>
        </license>
        <license>
          <name>Eclipse Public License, Version 1.0</name>
          <url>http://repository.jboss.org/licenses/epl-1.0.txt</url>
        </license>
      </licenses>
    </dependency>
    <dependency>
      <groupId>org.eclipse.jetty.orbit</groupId>
      <artifactId>javax.mail.glassfish</artifactId>
      <version>1.4.1.v201005082020</version>
      <licenses>
        <license>
          <name>Apache Software License, Version 2.0</name>
          <url>http://repository.jboss.org/licenses/apache-2.0.txt</url>
        </license>
        <license>
          <name>Eclipse Public License, Version 1.0</name>
          <url>http://repository.jboss.org/licenses/epl-1.0.txt</url>
        </license>
      </licenses>
    </dependency>
    <dependency>
      <groupId>org.eclipse.jetty.orbit</groupId>
      <artifactId>javax.security.auth.message</artifactId>
      <version>1.0.0.v201108011116</version>
      <licenses>
        <license>
          <name>Apache Software License, Version 2.0</name>
          <url>http://repository.jboss.org/licenses/apache-2.0.txt</url>
        </license>
        <license>
          <name>Eclipse Public License, Version 1.0</name>
          <url>http://repository.jboss.org/licenses/epl-1.0.txt</url>
        </license>
      </licenses>
    </dependency>
    <dependency>
      <groupId>org.eclipse.jetty.websocket</groupId>
      <artifactId>javax-websocket-client-impl</artifactId>
      <version>9.4.3.v20170317-redhat-1</version>
      <licenses>
        <license>
          <name>Apache Software License, Version 2.0</name>
          <url>http://repository.jboss.org/licenses/apache-2.0.txt</url>
        </license>
        <license>
          <name>Eclipse Public License, Version 1.0</name>
          <url>http://repository.jboss.org/licenses/epl-1.0.txt</url>
        </license>
      </licenses>
    </dependency>
    <dependency>
      <groupId>org.eclipse.jetty.websocket</groupId>
      <artifactId>javax-websocket-server-impl</artifactId>
      <version>9.4.3.v20170317-redhat-1</version>
      <licenses>
        <license>
          <name>Apache Software License, Version 2.0</name>
          <url>http://repository.jboss.org/licenses/apache-2.0.txt</url>
        </license>
        <license>
          <name>Eclipse Public License, Version 1.0</name>
          <url>http://repository.jboss.org/licenses/epl-1.0.txt</url>
        </license>
      </licenses>
    </dependency>
    <dependency>
      <groupId>org.eclipse.jetty.websocket</groupId>
      <artifactId>websocket-api</artifactId>
      <version>9.4.3.v20170317-redhat-1</version>
      <licenses>
        <license>
          <name>Apache Software License, Version 2.0</name>
          <url>http://repository.jboss.org/licenses/apache-2.0.txt</url>
        </license>
        <license>
          <name>Eclipse Public License, Version 1.0</name>
          <url>http://repository.jboss.org/licenses/epl-1.0.txt</url>
        </license>
      </licenses>
    </dependency>
    <dependency>
      <groupId>org.eclipse.jetty.websocket</groupId>
      <artifactId>websocket-client</artifactId>
      <version>9.4.3.v20170317-redhat-1</version>
      <licenses>
        <license>
          <name>Apache Software License, Version 2.0</name>
          <url>http://repository.jboss.org/licenses/apache-2.0.txt</url>
        </license>
        <license>
          <name>Eclipse Public License, Version 1.0</name>
          <url>http://repository.jboss.org/licenses/epl-1.0.txt</url>
        </license>
      </licenses>
    </dependency>
    <dependency>
      <groupId>org.eclipse.jetty.websocket</groupId>
      <artifactId>websocket-common</artifactId>
      <version>9.4.3.v20170317-redhat-1</version>
      <licenses>
        <license>
          <name>Apache Software License, Version 2.0</name>
          <url>http://repository.jboss.org/licenses/apache-2.0.txt</url>
        </license>
        <license>
          <name>Eclipse Public License, Version 1.0</name>
          <url>http://repository.jboss.org/licenses/epl-1.0.txt</url>
        </license>
      </licenses>
    </dependency>
    <dependency>
      <groupId>org.eclipse.jetty.websocket</groupId>
      <artifactId>websocket-server</artifactId>
      <version>9.4.3.v20170317-redhat-1</version>
      <licenses>
        <license>
          <name>Apache Software License, Version 2.0</name>
          <url>http://repository.jboss.org/licenses/apache-2.0.txt</url>
        </license>
        <license>
          <name>Eclipse Public License, Version 1.0</name>
          <url>http://repository.jboss.org/licenses/epl-1.0.txt</url>
        </license>
      </licenses>
    </dependency>
    <dependency>
      <groupId>org.eclipse.jetty.websocket</groupId>
      <artifactId>websocket-servlet</artifactId>
      <version>9.4.3.v20170317-redhat-1</version>
      <licenses>
        <license>
          <name>Apache Software License, Version 2.0</name>
          <url>http://repository.jboss.org/licenses/apache-2.0.txt</url>
        </license>
        <license>
          <name>Eclipse Public License, Version 1.0</name>
          <url>http://repository.jboss.org/licenses/epl-1.0.txt</url>
        </license>
      </licenses>
    </dependency>
    <dependency>
      <groupId>org.fusesource.hawtbuf</groupId>
      <artifactId>hawtbuf</artifactId>
      <version>1.11.0.redhat-1</version>
      <licenses>
        <license>
          <name>Apache Software License, Version 2.0</name>
          <url>http://repository.jboss.org/licenses/apache-2.0.txt</url>
          <distribution>repo</distribution>
        </license>
      </licenses>
    </dependency>
    <dependency>
      <groupId>org.hamcrest</groupId>
      <artifactId>hamcrest-core</artifactId>
      <version>1.3</version>
      <licenses>
        <license>
          <name>The BSD License</name>
          <url>http://repository.jboss.org/licenses/bsd.txt</url>
          <distribution>repo</distribution>
        </license>
      </licenses>
    </dependency>
    <dependency>
      <groupId>org.hdrhistogram</groupId>
      <artifactId>HdrHistogram</artifactId>
      <version>2.1.9.redhat-2</version>
      <licenses>
        <license>
          <name>Public Domain</name>
          <url>http://repository.jboss.org/licenses/cc0-1.0.txt</url>
        </license>
      </licenses>
    </dependency>
    <dependency>
      <groupId>org.jboss.jdeparser</groupId>
      <artifactId>jdeparser</artifactId>
      <version>2.0.0.Final</version>
      <licenses>
        <license>
          <name>Public Domain</name>
          <url>http://repository.jboss.org/licenses/cc0-1.0.txt</url>
          <distribution>repo</distribution>
        </license>
      </licenses>
    </dependency>
    <dependency>
      <groupId>org.jboss.logging</groupId>
      <artifactId>jboss-logging</artifactId>
      <version>3.3.1.Final-redhat-1</version>
      <licenses>
        <license>
          <name>Apache Software License, Version 2.0</name>
          <url>http://repository.jboss.org/licenses/apache-2.0.txt</url>
          <distribution>repo</distribution>
        </license>
      </licenses>
    </dependency>
    <dependency>
      <groupId>org.jboss.logging</groupId>
      <artifactId>jboss-logging-annotations</artifactId>
      <version>2.0.0.Alpha2</version>
      <licenses>
        <license>
          <name>Apache Software License, Version 2.0</name>
          <url>http://repository.jboss.org/licenses/apache-2.0.txt</url>
          <distribution>repo</distribution>
        </license>
      </licenses>
    </dependency>
    <dependency>
      <groupId>org.jboss.logging</groupId>
      <artifactId>jboss-logging-processor</artifactId>
      <version>2.0.0.Alpha2</version>
      <licenses>
        <license>
          <name>GNU Lesser General Public License, Version 2.1</name>
          <url>http://repository.jboss.org/licenses/lgpl-2.1.txt</url>
          <distribution>repo</distribution>
        </license>
      </licenses>
    </dependency>
    <dependency>
      <groupId>org.jboss.logmanager</groupId>
      <artifactId>jboss-logmanager</artifactId>
      <version>2.0.7.Final-redhat-1</version>
      <licenses>
        <license>
          <name>Apache Software License, Version 2.0</name>
          <url>http://repository.jboss.org/licenses/apache-2.0.txt</url>
          <distribution>repo</distribution>
        </license>
      </licenses>
    </dependency>
    <dependency>
      <groupId>org.jboss.resteasy</groupId>
      <artifactId>resteasy-atom-provider</artifactId>
      <version>3.0.24.Final-redhat-1</version>
      <licenses>
        <license>
          <name>Apache Software License, Version 2.0</name>
          <url>http://repository.jboss.org/licenses/apache-2.0.txt</url>
          <distribution>repo</distribution>
        </license>
      </licenses>
    </dependency>
    <dependency>
      <groupId>org.jboss.resteasy</groupId>
      <artifactId>resteasy-jackson-provider</artifactId>
      <version>3.0.24.Final-redhat-1</version>
      <licenses>
        <license>
          <name>Apache Software License, Version 2.0</name>
          <url>http://repository.jboss.org/licenses/apache-2.0.txt</url>
          <distribution>repo</distribution>
        </license>
      </licenses>
    </dependency>
    <dependency>
      <groupId>org.jboss.resteasy</groupId>
      <artifactId>resteasy-jaxb-provider</artifactId>
      <version>3.0.24.Final-redhat-1</version>
      <licenses>
        <license>
          <name>Apache Software License, Version 2.0</name>
          <url>http://repository.jboss.org/licenses/apache-2.0.txt</url>
          <distribution>repo</distribution>
        </license>
      </licenses>
    </dependency>
    <dependency>
      <groupId>org.jboss.resteasy</groupId>
      <artifactId>resteasy-jaxrs</artifactId>
      <version>3.0.24.Final-redhat-1</version>
      <licenses>
        <license>
          <name>Apache Software License, Version 2.0</name>
          <url>http://repository.jboss.org/licenses/apache-2.0.txt</url>
          <distribution>repo</distribution>
        </license>
      </licenses>
    </dependency>
    <dependency>
      <groupId>org.jboss.resteasy</groupId>
      <artifactId>tjws</artifactId>
      <version>3.0.24.Final-redhat-1</version>
      <licenses>
        <license>
          <name>Apache Software License, Version 2.0</name>
          <url>http://repository.jboss.org/licenses/apache-2.0.txt</url>
          <distribution>repo</distribution>
        </license>
      </licenses>
    </dependency>
    <dependency>
      <groupId>org.jboss.rh-messaging</groupId>
      <artifactId>dispatch-hawtio-console</artifactId>
      <version>1.0.3.CR1-redhat-1</version>
      <licenses>
        <license>
          <name>Apache Software License, Version 2.0</name>
          <url>http://repository.jboss.org/licenses/apache-2.0.txt</url>
          <distribution>repo</distribution>
        </license>
      </licenses>
    </dependency>
    <dependency>
      <groupId>org.jboss.rh-messaging.amq</groupId>
      <artifactId>amq-broker-redhat-branding</artifactId>
      <version>7.1.0.CR2-2-redhat-1</version>
      <licenses>
        <license>
          <name>Apache Software License, Version 2.0</name>
          <url>http://repository.jboss.org/licenses/apache-2.0.txt</url>
        </license>
      </licenses>
    </dependency>
    <dependency>
      <groupId>org.jboss.slf4j</groupId>
      <artifactId>slf4j-jboss-logmanager</artifactId>
      <version>1.0.3.GA-redhat-2</version>
      <licenses>
        <license>
          <name>Public Domain</name>
          <url>http://repository.jboss.org/licenses/cc0-1.0.txt</url>
          <distribution>repo</distribution>
        </license>
      </licenses>
    </dependency>
    <dependency>
      <groupId>org.jboss.spec.javax.annotation</groupId>
      <artifactId>jboss-annotations-api_1.2_spec</artifactId>
      <version>1.0.0.Final</version>
      <licenses>
        <license>
          <name>Common Development and Distribution License version 1.1</name>
          <url>http://repository.jboss.org/licenses/cddl-v1.1.txt</url>
          <distribution>repo</distribution>
        </license>
      </licenses>
    </dependency>
    <dependency>
      <groupId>org.jboss.spec.javax.servlet</groupId>
      <artifactId>jboss-servlet-api_3.1_spec</artifactId>
      <version>1.0.0.Final-redhat-1</version>
      <licenses>
        <license>
          <name>Common Development and Distribution License</name>
          <url>http://repository.jboss.org/licenses/cddl.txt</url>
          <distribution>repo</distribution>
        </license>
        <license>
          <name>GNU General Public License, Version 2 with the Classpath Exception</name>
          <url>http://repository.jboss.org/licenses/gpl-2.0-ce.txt</url>
          <distribution>repo</distribution>
        </license>
      </licenses>
    </dependency>
    <dependency>
      <groupId>org.jboss.spec.javax.ws.rs</groupId>
      <artifactId>jboss-jaxrs-api_2.0_spec</artifactId>
      <version>1.0.1.Beta1</version>
      <licenses>
        <license>
          <name>Common Development and Distribution License</name>
          <url>http://repository.jboss.org/licenses/cddl.txt</url>
          <distribution>repo</distribution>
        </license>
        <license>
          <name>GNU General Public License, Version 2 with the Classpath Exception</name>
          <url>http://repository.jboss.org/licenses/gpl-2.0-ce.txt</url>
          <distribution>repo</distribution>
        </license>
      </licenses>
    </dependency>
    <dependency>
      <groupId>org.jgroups</groupId>
      <artifactId>jgroups</artifactId>
      <version>3.6.13.Final-redhat-2</version>
      <licenses>
        <license>
          <name>Apache Software License, Version 2.0</name>
          <url>http://repository.jboss.org/licenses/apache-2.0.txt</url>
        </license>
      </licenses>
    </dependency>
    <dependency>
      <groupId>org.ow2.asm</groupId>
      <artifactId>asm</artifactId>
      <version>5.1</version>
      <licenses>
        <license>
          <name>The Asm BSD License</name>
          <url>http://repository.jboss.org/licenses/asm.txt</url>
        </license>
      </licenses>
    </dependency>
    <dependency>
      <groupId>org.ow2.asm</groupId>
      <artifactId>asm-commons</artifactId>
      <version>5.1</version>
      <licenses>
        <license>
          <name>The Asm BSD License</name>
          <url>http://repository.jboss.org/licenses/asm.txt</url>
        </license>
      </licenses>
    </dependency>
    <dependency>
      <groupId>org.ow2.asm</groupId>
      <artifactId>asm-tree</artifactId>
      <version>5.1</version>
      <licenses>
        <license>
          <name>The Asm BSD License</name>
          <url>http://repository.jboss.org/licenses/asm.txt</url>
        </license>
      </licenses>
    </dependency>
    <dependency>
      <groupId>org.slf4j</groupId>
      <artifactId>slf4j-api</artifactId>
      <version>1.7.22.redhat-1</version>
      <licenses>
        <license>
          <name>The MIT License</name>
          <url>http://repository.jboss.org/licenses/mit.txt</url>
          <distribution>repo</distribution>
        </license>
      </licenses>
    </dependency>
    <dependency>
      <groupId>org.slf4j</groupId>
      <artifactId>slf4j-log4j12</artifactId>
      <version>1.7.22.redhat-1</version>
      <licenses>
        <license>
          <name>The MIT License</name>
          <url>http://repository.jboss.org/licenses/mit.txt</url>
          <distribution>repo</distribution>
        </license>
      </licenses>
    </dependency>
  </dependencies>
</licenseSummary>
